<?xml version="1.0" encoding="UTF-8"?>
<feature
      id="nu.mine.kino.plugin.plugindocumentcreator.samples"
      label="%featureName"
      version="1.0.4"
      provider-name="%providerName">

   <description url="%descriptionURL">
      %description
   </description>

   <copyright>
      Copyright (C) 2005-2009 by Masatomi KINO
   </copyright>

   <license url="%license">
      %license
   </license>

   <url>
      <discovery label="%updateSiteName" url="http://www.masatom.in/update/"/>
   </url>

   <requires>
      <import feature="nu.mine.kino.plugin.plugindocumentcreator" version="0.9.5"/>
      <import plugin="org.eclipse.ui"/>
      <import plugin="org.eclipse.core.runtime"/>
      <import plugin="nu.mine.kino.plugin.log4j"/>
   </requires>

   <plugin
         id="nu.mine.kino.plugin.plugindocumentcreator.sample"
         download-size="0"
         install-size="0"
         version="1.0.4"
         unpack="false"/>

</feature>
