<?xml version="1.0" encoding="UTF-8"?>
<feature
      id="nu.mine.kino.plugin.plugindocumentcreator.samples"
      label="%featureName"
      version="1.0.2"
      provider-name="%providerName">

   <description url="http://www.example.com/description">
      [ここにフィーチャーの説明を入力してください。]
   </description>

   <copyright url="http://www.example.com/copyright">
      [ここに Copyright の説明を入力してください。]
   </copyright>

   <license url="http://www.example.com/license">
      [ここにライセンスの説明を入力してください。]
   </license>

   <requires>
      <import feature="nu.mine.kino.plugin.plugindocumentcreator" version="0.9.5"/>
      <import feature="nu.mine.kino.plugin.plugindocumentcreator" version="0.9.5"/>
      <import plugin="org.eclipse.ui"/>
      <import plugin="org.eclipse.core.runtime"/>
      <import plugin="nu.mine.kino.plugin.log4j"/>
   </requires>

   <plugin
         id="nu.mine.kino.plugin.plugindocumentcreator.sample"
         download-size="0"
         install-size="0"
         version="1.0.2"
         unpack="false"/>

</feature>
