<?xml version="1.0" encoding="UTF-8"?>
<feature
      id="nu.mine.kino.plugin.plugindocumentcreator"
      label="%featureName"
      version="0.9.9"
      provider-name="%providerName">

   <description url="%descriptionURL">
      %description
   </description>

   <copyright>
      Copyright (C) 2005-2009 by Masatomi KINO
   </copyright>

   <license url="%licenseURL">
      %license
   </license>

   <url>
      <update label="%updateSiteName" url="http://www.masatom.in/update/"/>
      <discovery label="%updateSiteName" url="http://www.masatom.in/update/"/>
   </url>

   <requires>
      <import plugin="org.eclipse.ui"/>
      <import plugin="org.eclipse.core.runtime"/>
   </requires>

   <plugin
         id="nu.mine.kino.plugin.log4j"
         download-size="0"
         install-size="0"
         version="0.0.4"/>

   <plugin
         id="nu.mine.kino.plugin.plugindocumentcreator"
         download-size="0"
         install-size="0"
         version="0.9.8"
         unpack="false"/>

</feature>
