<?xml version="1.0" encoding="UTF-8"?>
<feature
      id="nu.mine.kino.plugin.beangenerator"
      label="%featureName"
      version="0.4.2"
      provider-name="%providerName">

   <description url="%descriptionURL">
      %description
   </description>

   <copyright>
      Copyright (C) 2008 by Masatomi KINO
   </copyright>

   <license url="%licenseURL">
      %license
   </license>

   <url>
      <update label="%updateSiteName" url="http://www.masatom.in/update/"/>
      <discovery label="%updateSiteName" url="http://www.masatom.in/update/"/>
   </url>

   <requires>
      <import plugin="org.eclipse.ui"/>
      <import plugin="org.eclipse.core.runtime"/>
      <import plugin="org.eclipse.jdt.core"/>
      <import plugin="org.eclipse.jdt.ui"/>
      <import plugin="org.eclipse.jface.text"/>
      <import plugin="org.eclipse.core.resources"/>
      <import plugin="nu.mine.kino.plugin.log4j"/>
      <import plugin="nu.mine.kino.plugin.libs"/>
   </requires>

   <plugin
         id="nu.mine.kino.plugin.beangenerator"
         download-size="0"
         install-size="0"
         version="0.4.2"/>

   <plugin
         id="nu.mine.kino.plugin.log4j"
         download-size="0"
         install-size="0"
         version="0.0.3"/>

   <plugin
         id="nu.mine.kino.plugin.libs"
         download-size="0"
         install-size="0"
         version="1.0.6"
         unpack="false"/>

</feature>
